{
    "uvs": [],
    "vertices": [-1.29525,-0.015696,-2.73898,-1.29525,1.4843,-2.73898,-1.29525,-0.015696,-4.23898,-1.29525,1.4843,-4.23898,0.204751,-0.015696,-2.73898,0.204751,1.4843,-2.73898,0.204751,-0.015696,-4.23898,0.204751,1.4843,-4.23898],
    "faces": [33,2,0,1,3,0,1,2,3,33,3,7,6,2,3,4,5,0,33,7,5,4,6,4,6,7,5,33,0,4,5,1,1,7,6,2,33,0,2,6,4,1,0,5,7,33,5,7,3,1,6,4,3,2],
    "name": "Cube.001Geometry",
    "metadata": {
        "version": 3,
        "uvs": 0,
        "vertices": 8,
        "faces": 6,
        "type": "Geometry",
        "generator": "io_three",
        "normals": 8
    },
    "normals": [-0.577349,-0.577349,-0.577349,-0.577349,-0.577349,0.577349,-0.577349,0.577349,0.577349,-0.577349,0.577349,-0.577349,0.577349,0.577349,-0.577349,0.577349,-0.577349,-0.577349,0.577349,0.577349,0.577349,0.577349,-0.577349,0.577349]
}