{
    "uvs": [],
    "vertices": [-0.577488,0.196626,-0.054939,-0.518961,0.196626,-0.049175,-0.462683,0.196626,-0.032103,-0.410817,0.196626,-0.00438,-0.365356,0.196626,0.032929,-0.328047,0.196626,0.07839,-0.300324,0.196626,0.130256,-0.283252,0.196626,0.186534,-0.277488,0.196626,0.245061,-0.577488,1.59663,0.245061,-0.283252,0.196626,0.303588,-0.300324,0.196626,0.359866,-0.328047,0.196626,0.411732,-0.365356,0.196626,0.457193,-0.410817,0.196626,0.494502,-0.462683,0.196626,0.522225,-0.518961,0.196626,0.539297,-0.577488,0.196626,0.545061,-0.636015,0.196626,0.539297,-0.692293,0.196626,0.522225,-0.744159,0.196626,0.494502,-0.78962,0.196626,0.457193,-0.826929,0.196626,0.411732,-0.854652,0.196626,0.359866,-0.871723,0.196626,0.303588,-0.877488,0.196626,0.245061,-0.871723,0.196626,0.186534,-0.854652,0.196626,0.130256,-0.826928,0.196626,0.07839,-0.78962,0.196626,0.032929,-0.744159,0.196626,-0.00438,-0.692292,0.196626,-0.032103,-0.636014,0.196626,-0.049175],
    "faces": [32,31,9,32,0,1,2,32,0,9,1,3,1,4,32,30,9,31,5,1,0,32,29,9,30,6,1,5,32,28,9,29,7,1,6,32,27,9,28,8,1,7,32,26,9,27,9,1,8,32,25,9,26,10,1,9,32,24,9,25,11,1,10,32,23,9,24,12,1,11,32,22,9,23,13,1,12,32,21,9,22,14,1,13,32,20,9,21,15,1,14,32,19,9,20,16,1,15,32,18,9,19,17,1,16,32,17,9,18,18,1,17,32,16,9,17,19,1,18,32,15,9,16,20,1,19,32,14,9,15,21,1,20,32,13,9,14,22,1,21,32,12,9,13,23,1,22,32,11,9,12,24,1,23,32,10,9,11,25,1,24,32,8,9,10,26,1,25,32,7,9,8,27,1,26,32,6,9,7,28,1,27,32,5,9,6,29,1,28,32,4,9,5,30,1,29,32,3,9,4,31,1,30,32,2,9,3,32,1,31,32,32,9,0,2,1,3,32,1,9,2,4,1,32,32,0,31,32,3,0,2,32,29,30,31,6,5,0,32,27,28,29,8,7,6,32,25,26,27,10,9,8,32,23,24,25,12,11,10,32,21,22,23,14,13,12,32,19,20,21,16,15,14,32,17,18,19,18,17,16,32,15,16,17,20,19,18,32,13,14,15,22,21,20,32,11,12,13,24,23,22,32,8,10,11,26,25,24,32,6,7,8,28,27,26,32,4,5,6,30,29,28,32,2,3,4,32,31,30,32,0,1,2,3,4,32,32,0,29,31,3,6,0,32,25,27,29,10,8,6,32,21,23,25,14,12,10,32,17,19,21,18,16,14,32,13,15,17,22,20,18,32,8,11,13,26,24,22,32,4,6,8,30,28,26,32,0,2,4,3,32,30,32,0,25,29,3,10,6,32,17,21,25,18,14,10,32,8,13,17,26,22,18,32,0,4,8,3,30,26,32,0,17,25,3,18,10,32,0,8,17,3,26,18],
    "name": "ConeGeometry",
    "metadata": {
        "version": 3,
        "uvs": 0,
        "vertices": 33,
        "faces": 62,
        "type": "Geometry",
        "generator": "io_three",
        "normals": 33
    },
    "normals": [-0.304422,-0.605914,-0.734947,3.1e-05,1,6.1e-05,-0.155187,-0.605914,-0.780206,0,-0.605914,-0.795495,0.155187,-0.605914,-0.780206,-0.441939,-0.605914,-0.661428,-0.562487,-0.605914,-0.562487,-0.661428,-0.605914,-0.441939,-0.734947,-0.605914,-0.304422,-0.780206,-0.605914,-0.155187,-0.795495,-0.605914,0,-0.780206,-0.605914,0.155187,-0.734947,-0.605914,0.304422,-0.661428,-0.605914,0.441939,-0.562487,-0.605914,0.562487,-0.441939,-0.605914,0.661428,-0.304422,-0.605914,0.734947,-0.155187,-0.605914,0.780206,0,-0.605914,0.795495,0.155187,-0.605914,0.780206,0.304422,-0.605914,0.734947,0.441939,-0.605914,0.661428,0.562487,-0.605914,0.562487,0.661428,-0.605914,0.441939,0.734947,-0.605914,0.304422,0.780206,-0.605914,0.155187,0.795495,-0.605914,0,0.780206,-0.605914,-0.155187,0.734947,-0.605914,-0.304422,0.661428,-0.605914,-0.441939,0.562487,-0.605914,-0.562487,0.441939,-0.605914,-0.661428,0.304422,-0.605914,-0.734947]
}